Series Name,Series Code,Country Name,Country Code,1990 [YR1990],2000 [YR2000],2016 [YR2016],2017 [YR2017],2018 [YR2018],2019 [YR2019],2020 [YR2020],2021 [YR2021],2022 [YR2022],2023 [YR2023],2024 [YR2024],2025 [YR2025]
"Population, total",SP.POP.TOTL,Afghanistan,AFG,12045660,20130327,34700612,35688935,36743039,37856121,39068979,40000412,40578842,41454761,42647492,..
"Population, total",SP.POP.TOTL,Albania,ALB,3286542,3089027,2689469,2648285,2607733,2567801,2528480,2489762,2451636,2414095,2377128,..
"Population, total",SP.POP.TOTL,Algeria,DZA,25375810,30903893,40850721,41689299,42505035,43294546,44042091,44761099,45477389,46164219,46814308,..
"Population, total",SP.POP.TOTL,American Samoa,ASM,46640,56855,52245,51586,50908,50209,49761,49225,48342,47521,46765,..
"Population, total",SP.POP.TOTL,Andorra,AND,52597,65685,72181,73763,75162,76474,77380,78364,79705,80856,81938,..
"Population, total",SP.POP.TOTL,Angola,AGO,11626360,16194869,29183070,30234839,31297155,32375632,33451132,34532429,35635029,36749906,37885849,..
"Population, total",SP.POP.TOTL,Antigua and Barbuda,ATG,63066,74912,89969,90468,90926,91364,91846,92349,92840,93316,93772,..
"Population, total",SP.POP.TOTL,Argentina,ARG,32755901,37213984,43900313,44288894,44654882,44973465,45191965,45312281,45407904,45538401,45696159,..
"Population, total",SP.POP.TOTL,Armenia,ARM,3552128,3221100,2992300,2979400,2969000,2962500,2961500,2962300,2969200,2964300,3033500,..
"Population, total",SP.POP.TOTL,Aruba,ABW,62753,90588,108727,108735,108908,109203,108587,107700,107310,107359,107995,..
"Population, total",SP.POP.TOTL,Australia,AUS,17065128,19028802,24190907,24592588,24963258,25334826,25649248,25685412,26018721,26659922,27196812,..
"Population, total",SP.POP.TOTL,Austria,AUT,7677850,8011566,8736668,8797566,8840521,8879920,8916864,8955797,9041851,9131761,9177982,..
"Population, total",SP.POP.TOTL,Azerbaijan,AZE,7175200,8048600,9757812,9854033,9939771,10024283,10093121,10137750,10141756,10153958,10202830,..
"Population, total",SP.POP.TOTL,"Bahamas, The",BHS,275945,323835,388055,390485,392717,394675,395863,396373,397538,399440,401283,..
"Population, total",SP.POP.TOTL,Bahrain,BHR,514797,637582,1423726,1501116,1503091,1483756,1472204,1504365,1524693,1577059,1588670,..
"Population, total",SP.POP.TOTL,Bangladesh,BGD,111633717,134544304,160811932,162186147,163523103,164913055,166298024,167658854,169384897,171466990,173562364,..
"Population, total",SP.POP.TOTL,Barbados,BRB,258582,262063,279598,280171,280711,281207,281698,282147,282318,282336,282467,..
"Population, total",SP.POP.TOTL,Belarus,BLR,10189348,9979610,9469379,9458989,9438785,9419758,9379952,9302585,9228071,9178298,9132629,..
"Population, total",SP.POP.TOTL,Belgium,BEL,9967379,10251250,11331422,11375158,11427054,11488980,11538604,11586195,11680210,11779946,11858610,..
"Population, total",SP.POP.TOTL,Belize,BLZ,183076,240799,364705,373202,380226,385829,390812,395346,402733,411106,417072,..
"Population, total",SP.POP.TOTL,Benin,BEN,5281479,7221619,11697842,12039780,12383347,12726755,13070169,13413417,13759501,14111034,14462724,..
"Population, total",SP.POP.TOTL,Bermuda,BMU,57559,61550,63449,63578,63831,64107,64382,64648,64749,64698,64636,..
"Population, total",SP.POP.TOTL,Bhutan,BTN,589287,596863,747866,754335,759759,764824,770006,775442,780914,786385,791524,..
"Population, total",SP.POP.TOTL,Bolivia,BOL,7130142,8606326,11180020,11344587,11508368,11671386,11816299,11937360,12077154,12244159,12413315,..
"Population, total",SP.POP.TOTL,Bosnia and Herzegovina,BIH,4448652,4159771,3473003,3428682,3387000,3345533,3299349,3244907,3204802,3185073,3164253,..
"Population, total",SP.POP.TOTL,Botswana,BWA,1305696,1677382,2234776,2266747,2299141,2332083,2365894,2401441,2439892,2480244,2521139,..
"Population, total",SP.POP.TOTL,Brazil,BRA,149143223,174018282,203218114,204703445,206107261,207455459,208660842,209550294,210306415,211140729,211998573,..
"Population, total",SP.POP.TOTL,British Virgin Islands,VGB,15704,20241,33878,32699,34657,36395,37135,37809,38319,38985,39471,..
"Population, total",SP.POP.TOTL,Brunei Darussalam,BRN,255292,326424,427564,432772,437810,442680,447404,451721,455370,458949,462721,..
"Population, total",SP.POP.TOTL,Bulgaria,BGR,8718289,8170172,6894139,6803468,6710798,6616726,6550696,6507301,6465097,6446596,6441421,..
"Population, total",SP.POP.TOTL,Burkina Faso,BFA,9159356,11925546,19334856,19894407,20438288,20961952,21478690,21995243,22509038,23025776,23548781,..
"Population, total",SP.POP.TOTL,Burundi,BDI,5587052,6470194,11239451,11506762,11859446,12255336,12617036,12965481,13321097,13689450,14047786,..
"Population, total",SP.POP.TOTL,Cabo Verde,CPV,375428,453317,512554,512893,513415,514104,514679,516649,519741,522331,524877,..
"Population, total",SP.POP.TOTL,Cambodia,KHM,7374752,12462336,15852803,16073372,16274522,16481304,16725474,16974305,17201724,17423880,17638801,..
"Population, total",SP.POP.TOTL,Cameroon,CMR,11331821,14912631,23454161,24128601,24806383,25506095,26210558,26915758,27632771,28372687,29123744,..
"Population, total",SP.POP.TOTL,Canada,CAN,27691138,30685730,36110803,36545075,37072620,37618495,38028638,38239864,38935934,40083484,41288599,..
"Population, total",SP.POP.TOTL,Cayman Islands,CYM,25999,39674,63100,64535,65941,67327,68684,70108,71591,73038,74457,..
"Population, total",SP.POP.TOTL,Central African Republic,CAF,2871910,3833416,4713663,4793511,4878657,4944703,5026628,5112100,5098039,5152421,5330690,..
"Population, total",SP.POP.TOTL,Chad,TCD,5982833,8512093,15114655,15622759,16156531,16685223,17224679,17828273,18455316,19319064,20299123,..
"Population, total",SP.POP.TOTL,Channel Islands,CHI,143087,148110,163883,164319,164949,165639,166235,166741,167215,167691,168126,..
"Population, total",SP.POP.TOTL,Chile,CHL,13437176,15503635,18267221,18558868,18893191,19197744,19370624,19456334,19553036,19658835,19764771,..
"Population, total",SP.POP.TOTL,China,CHN,1135185000,1262645000,1387790000,1396215000,1402760000,1407745000,1411100000,1412360000,1412175000,1410710000,1408975000,..
"Population, total",SP.POP.TOTL,Colombia,COL,32440069,39089934,47437512,48131078,49024465,49907985,50629997,51188173,51737944,52321152,52886363,..
"Population, total",SP.POP.TOTL,Comoros,COM,444596,536080,741741,756669,771590,786578,802163,818174,834188,850387,866628,..
"Population, total",SP.POP.TOTL,"Congo, Dem. Rep.",COD,36684063,50507442,83956415,87083398,90047644,92947442,95989998,99148932,102396968,105789731,109276265,..
"Population, total",SP.POP.TOTL,"Congo, Rep.",COG,2380560,3151345,5222536,5351011,5483118,5616661,5752791,5892183,6035104,6182885,6332961,..
"Population, total",SP.POP.TOTL,Costa Rica,CRI,3121706,3937739,4866998,4913177,4957818,4999553,5034320,5059988,5081765,5105525,5129910,..
"Population, total",SP.POP.TOTL,Cote d'Ivoire,CIV,12189778,17699004,25989405,26733372,27464173,28193009,28915449,29639736,30395002,31165654,31934230,..
"Population, total",SP.POP.TOTL,Croatia,HRV,4777368,4468302,4106867,4041407,3988775,3949390,3914206,3878981,3855641,3859686,3866200,..
"Population, total",SP.POP.TOTL,Cuba,CUB,10631799,11109109,11265612,11247829,11227118,11202846,11176354,11122168,11059820,11019931,10979783,..
"Population, total",SP.POP.TOTL,Curacao,CUW,145400,133860,159664,160175,159336,157441,155482,153948,153321,154654,155967,..
"Population, total",SP.POP.TOTL,Cyprus,CYP,788351,947667,1237112,1254275,1270737,1286671,1302247,1317309,1331370,1344976,1358282,..
"Population, total",SP.POP.TOTL,Czechia,CZE,10333355,10255063,10566332,10594438,10629928,10671870,10697858,10505772,10672118,10864042,10905028,..
"Population, total",SP.POP.TOTL,Denmark,DNK,5140939,5339616,5728010,5764980,5793636,5814422,5831404,5856733,5903037,5946952,5976992,..
"Population, total",SP.POP.TOTL,Djibouti,DJI,579538,747318,1037653,1054841,1071882,1088709,1105188,1121248,1137096,1152944,1168722,..
"Population, total",SP.POP.TOTL,Dominica,DMA,69627,68511,69606,68496,68174,67880,67573,67202,66826,66510,66205,..
"Population, total",SP.POP.TOTL,Dominican Republic,DOM,7151166,8584190,10551430,10666843,10782053,10894043,11008300,11123476,11230734,11331265,11427557,..
"Population, total",SP.POP.TOTL,Ecuador,ECU,10473673,12689206,16505139,16759519,17049547,17340021,17546065,17682454,17823897,17980083,18135478,..
"Population, total",SP.POP.TOTL,"Egypt, Arab Rep.",EGY,58396618,73083284,101644589,103696057,105682094,107553158,109315124,110957008,112618250,114535772,116538258,..
"Population, total",SP.POP.TOTL,El Salvador,SLV,5399726,5943366,6200800,6213533,6219807,6222318,6234673,6255782,6280319,6309624,6338193,..
"Population, total",SP.POP.TOTL,Equatorial Guinea,GNQ,474274,703279,1508186,1562396,1616422,1670177,1716468,1758786,1803545,1847549,1892516,..
"Population, total",SP.POP.TOTL,Eritrea,ERI,2032737,2247031,3124698,3150347,3192760,3240194,3291271,3350183,3409447,3470390,3535603,..
"Population, total",SP.POP.TOTL,Estonia,EST,1569174,1396985,1315790,1317384,1321977,1326898,1329522,1330932,1348840,1370286,1372341,..
"Population, total",SP.POP.TOTL,Eswatini,SWZ,872428,1041414,1149507,1158195,1168929,1179874,1192729,1206593,1218917,1230506,1242822,..
"Population, total",SP.POP.TOTL,Ethiopia,ETH,47609755,67411494,106718162,109666481,112664152,115737383,118917671,122138588,125384287,128691692,132059767,..
"Population, total",SP.POP.TOTL,Faroe Islands,FRO,47740,45754,49464,50180,50996,51792,52565,53296,53912,54414,54681,..
"Population, total",SP.POP.TOTL,Fiji,FJI,773316,840909,919166,918759,917180,914899,914963,916711,919422,924145,928784,..
"Population, total",SP.POP.TOTL,Finland,FIN,4986431,5176209,5495303,5508214,5515525,5521606,5529543,5541017,5556106,5583911,5619911,..
"Population, total",SP.POP.TOTL,France,FRA,58261012,60918661,66724104,66918020,67158348,67382061,67601110,67842811,68184457,68372286,68551653,..
"Population, total",SP.POP.TOTL,French Polynesia,PYF,203776,240337,279178,280087,279815,279034,279209,279792,280378,281118,281807,..
"Population, total",SP.POP.TOTL,Gabon,GAB,983734,1275572,2100306,2156900,2212318,2267706,2322539,2376722,2430747,2484789,2538952,..
"Population, total",SP.POP.TOTL,"Gambia, The",GMB,1054696,1455084,2283769,2342189,2399632,2456844,2515733,2576010,2636470,2697845,2759988,..
"Population, total",SP.POP.TOTL,Georgia,GEO,4802000,4077131,3727505,3728004,3726549,3720161,3722716,3708610,3712502,3715483,3699557,..
"Population, total",SP.POP.TOTL,Germany,DEU,79433029,82211508,82348669,82657002,82905782,83092962,83160871,83196078,83177813,83287273,83516593,..
"Population, total",SP.POP.TOTL,Ghana,GHA,15394648,19637087,29356742,30008354,30637585,31258945,31887809,32518665,33149152,33787914,34427414,..
"Population, total",SP.POP.TOTL,Gibraltar,GIB,27200,27709,33658,34245,34854,35494,36173,36858,37609,38471,39329,..
"Population, total",SP.POP.TOTL,Greece,GRC,10196792,10805808,10775971,10754679,10732882,10721582,10698599,10569207,10436882,10407351,10405134,..
"Population, total",SP.POP.TOTL,Greenland,GRL,55600,56185,56186,56172,56023,56225,56367,56653,56661,56865,56836,..
"Population, total",SP.POP.TOTL,Grenada,GRD,99957,107451,115130,115438,115691,115981,116341,116688,116913,117081,117207,..
"Population, total",SP.POP.TOTL,Guam,GUM,138610,160065,164233,163490,162679,161808,162158,163730,165180,166506,167777,..
"Population, total",SP.POP.TOTL,Guatemala,GTM,9024773,11697592,16268760,16567357,16845685,17103803,17357325,17598650,17847877,18124838,18406359,..
"Population, total",SP.POP.TOTL,Guinea,GIN,6434374,8428832,12073030,12385659,12704774,13034346,13371183,13710513,14055137,14405468,14754785,..
"Population, total",SP.POP.TOTL,Guinea-Bissau,GNB,973669,1234741,1831893,1877072,1922168,1967696,2013255,2058841,2105529,2153339,2201352,..
"Population, total",SP.POP.TOTL,Guyana,GUY,749894,764832,763548,768479,791556,807665,807481,815482,821637,826353,831087,..
"Population, total",SP.POP.TOTL,Haiti,HTI,6854441,8303151,10671457,10817754,10962362,11105163,11243848,11374586,11503606,11637398,11772557,..
"Population, total",SP.POP.TOTL,Honduras,HND,4980488,6577773,9412380,9588137,9765210,9943633,10119640,10289877,10463872,10644851,10825703,..
"Population, total",SP.POP.TOTL,"Hong Kong SAR, China",HKG,5704500,6665000,7336600,7393200,7452600,7507900,7481000,7413100,7346100,7536100,7524100,..
"Population, total",SP.POP.TOTL,Hungary,HUN,10373988,10210971,9759755,9726756,9706964,9694824,9670419,9630932,9605074,9592186,9562065,..
"Population, total",SP.POP.TOTL,Iceland,ISL,254826,281205,335439,343400,352721,360563,366463,372520,382003,385663,386506,..
"Population, total",SP.POP.TOTL,India,IND,864972221,1057922733,1343944296,1359657400,1374659064,1389030312,1402617695,1414203896,1425423212,1438069596,1450935791,..
"Population, total",SP.POP.TOTL,Indonesia,IDN,183501098,216077790,264627418,267346658,269951846,272489381,274814866,276758053,278830529,281190067,283487931,..
"Population, total",SP.POP.TOTL,"Iran, Islamic Rep.",IRN,58380092,66418659,83812228,85026754,86117998,87051648,87723443,88455488,89524246,90608707,91567738,..
"Population, total",SP.POP.TOTL,Iraq,IRQ,17581206,24424056,38469627,39337353,40265624,41192171,42116605,43071211,44070551,45074049,46042015,..
"Population, total",SP.POP.TOTL,Ireland,IRL,3513974,3805174,4762722,4827445,4898022,4976456,5039747,5110585,5212836,5311538,5395790,..
"Population, total",SP.POP.TOTL,Isle of Man,IMN,68916,75659,83466,83609,83805,83957,84064,84106,84132,84165,84160,..
"Population, total",SP.POP.TOTL,Israel,ISR,4660000,6289000,8546000,8713300,8882800,9054000,9215100,9371400,9557500,9849000,9974400,..
"Population, total",SP.POP.TOTL,Italy,ITA,56719240,56942108,60115223,60002252,60148658,59729081,59438851,59133173,59013667,58984216,58952704,..
"Population, total",SP.POP.TOTL,Jamaica,JAM,2379877,2607826,2809915,2815764,2820097,2823271,2830739,2837682,2839144,2839786,2839175,..
"Population, total",SP.POP.TOTL,Japan,JPN,123478000,126843000,127076000,126972000,126811000,126633000,126261000,125681593,125124989,124516650,123975371,..
"Population, total",SP.POP.TOTL,Jordan,JOR,3621908,5386945,10006367,10234226,10462306,10671891,10865228,11066356,11256263,11439213,11552876,..
"Population, total",SP.POP.TOTL,Kazakhstan,KAZ,17154054,15501103,18363600,18651931,18932727,19209555,19482117,19743603,20034609,20330104,20592571,..
"Population, total",SP.POP.TOTL,Kenya,KEN,22892651,30642890,48139687,49197766,50207107,51202827,52217334,53219166,54252461,55339003,56432944,..
"Population, total",SP.POP.TOTL,Kiribati,KIR,74855,88613,118478,120275,122084,123921,126099,128377,130469,132530,134518,..
"Population, total",SP.POP.TOTL,"Korea, Dem. People's Rep.",PRK,21112137,23665910,25698326,25817709,25931147,26037632,26136312,26232534,26328845,26418204,26498823,..
"Population, total",SP.POP.TOTL,"Korea, Rep.",KOR,42869283,47008111,51217803,51361911,51585058,51764822,51836239,51769539,51672569,51712619,51751065,..
"Population, total",SP.POP.TOTL,Kosovo,XKX,1973790,1802493,1777568,1791019,1797086,1788891,1790151,1786079,1768096,1682668,1594353,..
"Population, total",SP.POP.TOTL,Kuwait,KWT,1684819,1954709,4004096,4154812,4323515,4442316,4400267,4360865,4589643,4853420,4897263,..
"Population, total",SP.POP.TOTL,Kyrgyz Republic,KGZ,4391236,4898362,6175338,6306696,6444079,6590211,6726596,6851224,6975220,7099750,7221868,..
"Population, total",SP.POP.TOTL,Lao PDR,LAO,4311955,5431212,6908802,7018147,7128045,7237636,7346533,7453194,7559007,7664993,7769819,..
"Population, total",SP.POP.TOTL,Latvia,LVA,2663151,2367550,1959537,1942248,1927174,1913822,1900449,1884490,1879383,1883710,1866124,..
"Population, total",SP.POP.TOTL,Lebanon,LBN,3595175,4329340,6323060,6160128,5984119,5794594,5702398,5718122,5744489,5773493,5805962,..
"Population, total",SP.POP.TOTL,Lesotho,LSO,1809696,2003913,2130422,2157110,2183603,2209405,2235727,2261542,2286110,2311472,2337423,..
"Population, total",SP.POP.TOTL,Liberia,LBR,2223667,2928117,4755608,4848925,4944726,5043721,5149463,5259323,5373294,5493031,5612817,..
"Population, total",SP.POP.TOTL,Libya,LBY,4445239,5305021,6632126,6738770,6849055,6951033,7045399,7135175,7223805,7305659,7381023,..
"Population, total",SP.POP.TOTL,Liechtenstein,LIE,28742,32645,37716,37962,38246,38563,38901,39182,39493,39846,40450,..
"Population, total",SP.POP.TOTL,Lithuania,LTU,3697838,3499536,2877325,2842639,2819200,2811089,2810369,2808380,2831639,2871585,2888278,..
"Population, total",SP.POP.TOTL,Luxembourg,LUX,381850,436300,582014,596336,607950,620001,630419,640064,653103,666430,677012,..
"Population, total",SP.POP.TOTL,"Macao SAR, China",MAC,334950,430600,652500,648400,658900,672000,685400,682500,677300,678800,687000,..
"Population, total",SP.POP.TOTL,Madagascar,MDG,12055639,16516338,26099952,26788375,27494926,28219554,28953556,29691083,30437261,31195932,31964956,..
"Population, total",SP.POP.TOTL,Malawi,MWI,9545852,11315942,17557739,18039715,18528081,19025752,19533888,20047258,20568728,21104482,21655286,..
"Population, total",SP.POP.TOTL,Malaysia,MYS,17833171,22967816,31789685,32355644,32910967,33440596,33889558,34282399,34695493,35126298,35557673,..
"Population, total",SP.POP.TOTL,Maldives,MDV,224762,282019,443308,458287,473099,487731,502118,516154,524106,525994,527799,..
"Population, total",SP.POP.TOTL,Mali,MLI,9178830,11559290,19191289,19813011,20442030,21068405,21713836,22388630,23072640,23769127,24478595,..
"Population, total",SP.POP.TOTL,Malta,MLT,354170,390087,454505,467106,483903,503912,515490,518150,531113,552747,568847,..
"Population, total",SP.POP.TOTL,Marshall Islands,MHL,44629,50706,47709,46529,45285,44007,42706,41367,40077,38827,37548,..
"Population, total",SP.POP.TOTL,Mauritania,MRT,1951878,2613441,4086657,4210600,4337685,4467708,4600131,4734874,4875637,5022441,5169395,..
"Population, total",SP.POP.TOTL,Mauritius,MUS,1058775,1186873,1263747,1264887,1265577,1265985,1266014,1266334,1262523,1248647,1245779,..
"Population, total",SP.POP.TOTL,Mexico,MEX,82820170,98625552,122251351,123400057,124573711,125762982,126799054,127648148,128613117,129739759,130861007,..
"Population, total",SP.POP.TOTL,"Micronesia, Fed. Sts.",FSM,100888,112044,109075,109481,109909,110282,110916,111624,112114,112630,113160,..
"Population, total",SP.POP.TOTL,Moldova,MDA,2977912,2924668,2803186,2755189,2707203,2664224,2635130,2595809,2528654,2457783,2402306,..
"Population, total",SP.POP.TOTL,Monaco,MCO,30358,32455,37276,37678,38154,38109,38050,38527,38931,38956,38631,..
"Population, total",SP.POP.TOTL,Mongolia,MNG,2098710,2388299,3088856,3148917,3208189,3267673,3327204,3383741,3433748,3481145,3524788,..
"Population, total",SP.POP.TOTL,Montenegro,MNE,606372,604950,625353,625982,626438,626753,626590,625053,623591,623529,623525,..
"Population, total",SP.POP.TOTL,Morocco,MAR,24375551,28423435,35023457,35446392,35839760,36210898,36584208,36954442,37329064,37712505,38081173,..
"Population, total",SP.POP.TOTL,Mozambique,MOZ,13094537,18129653,27337105,28166393,29018644,29884380,30783688,31707800,32656246,33635160,34631766,..
"Population, total",SP.POP.TOTL,Myanmar,MMR,39817251,45290841,51495696,51894938,52272247,52640713,53016522,53387102,53756787,54133798,54500091,..
"Population, total",SP.POP.TOTL,Namibia,NAM,1369303,1818647,2439213,2506853,2577327,2650494,2728762,2810548,2889662,2963095,3030131,..
"Population, total",SP.POP.TOTL,Nauru,NRU,9622,10168,11150,11324,11477,11587,11643,11709,11801,11875,11947,..
"Population, total",SP.POP.TOTL,Nepal,NPL,19524573,24546509,27955462,28011258,28079689,28414064,28966574,29475010,29715436,29694614,29651054,..
"Population, total",SP.POP.TOTL,Netherlands,NLD,14951510,15925513,17030314,17131296,17231624,17344874,17441500,17533044,17700982,17877117,17993485,..
"Population, total",SP.POP.TOTL,New Caledonia,NCL,176456,223098,283423,283546,283541,283606,284176,285214,287123,289870,292639,..
"Population, total",SP.POP.TOTL,New Zealand,NZL,3329800,3857700,4714100,4813600,4900600,4970300,5072400,5084600,5081700,5200000,5287500,..
"Population, total",SP.POP.TOTL,Nicaragua,NIC,4162559,5022633,6232666,6316231,6400080,6483657,6565267,6644741,6730654,6823613,6916140,..
"Population, total",SP.POP.TOTL,Niger,NER,8286059,11509630,20685753,21435446,22188069,22947757,23717613,24502140,25311973,26159867,27032412,..
"Population, total",SP.POP.TOTL,Nigeria,NGA,97120925,126382494,195443700,200254579,204938755,209485641,213996181,218529286,223150896,227882945,232679478,..
"Population, total",SP.POP.TOTL,North Macedonia,MKD,2063689,2026350,1906313,1898657,1889051,1876262,1856124,1837114,1831712,1827816,1824359,..
"Population, total",SP.POP.TOTL,Northern Mariana Islands,MNP,43342,68356,50773,49959,49077,48129,47528,46979,46078,45143,44278,..
"Population, total",SP.POP.TOTL,Norway,NOR,4241473,4490967,5234519,5276968,5311916,5347896,5379475,5408320,5457127,5519601,5572279,..
"Population, total",SP.POP.TOTL,Oman,OMN,1763954,2282131,4390877,4537396,4597877,4591241,4522497,4500424,4730226,5049269,5281538,..
"Population, total",SP.POP.TOTL,Pakistan,PAK,116155576,154879127,220138869,223273967,226928892,230800899,235001746,239477801,243700667,247504495,251269164,..
"Population, total",SP.POP.TOTL,Palau,PLW,15259,19178,17797,17812,17814,17798,17792,17783,17759,17727,17695,..
"Population, total",SP.POP.TOTL,Panama,PAN,2455583,3010369,4029086,4098707,4167860,4234700,4293261,4345405,4400773,4458759,4515577,..
"Population, total",SP.POP.TOTL,Papua New Guinea,PNG,3896481,5537064,8961718,9178714,9394513,9609010,9815746,10012896,10203169,10389635,10576502,..
"Population, total",SP.POP.TOTL,Paraguay,PRY,4035747,5100868,6249126,6338660,6427382,6515058,6603739,6684182,6760464,6844146,6929153,..
"Population, total",SP.POP.TOTL,Peru,PER,22014771,26598331,30866494,31324637,31897584,32449303,32838579,33155882,33475438,33845617,34217848,..
"Population, total",SP.POP.TOTL,Philippines,PHL,62854666,79625397,106735719,108119693,109465287,110804683,112081264,113100950,113964338,114891199,115843670,..
"Population, total",SP.POP.TOTL,Poland,POL,38110782,38258629,37970087,37974826,37974750,37965475,37515748,36981559,36821749,36687353,36559233,..
"Population, total",SP.POP.TOTL,Portugal,PRT,9983218,10289898,10325452,10300300,10283822,10286263,10297081,10361831,10434332,10578174,10694681,..
"Population, total",SP.POP.TOTL,Puerto Rico (US),PRI,3537000,3810605,3480432,3410837,3290690,3302691,3281590,3262711,3220137,3203792,3203295,..
"Population, total",SP.POP.TOTL,Qatar,QAT,440175,644989,2477113,2545820,2580734,2638657,2794148,2504910,2657333,2656032,2857822,..
"Population, total",SP.POP.TOTL,Romania,ROU,23201835,22442971,19702267,19588715,19473970,19371648,19265250,19122059,19048502,19061062,19051804,..
"Population, total",SP.POP.TOTL,Russian Federation,RUS,147969406,146596869,145015460,145293260,145398106,145453291,145245148,144746762,144236933,143826130,143533851,..
"Population, total",SP.POP.TOTL,Rwanda,RWA,7375307,8213931,11919183,12202060,12487996,12776103,13065837,13355260,13651030,13954471,14256567,..
"Population, total",SP.POP.TOTL,Samoa,WSM,169042,181685,203499,205415,207582,209780,211944,213779,215261,216663,218019,..
"Population, total",SP.POP.TOTL,San Marino,SMR,23475,26799,33101,33825,34522,34663,34770,34252,33755,33860,33977,..
"Population, total",SP.POP.TOTL,Sao Tome and Principe,STP,122980,144018,203689,206970,210187,213392,217435,221961,226305,230871,235536,..
"Population, total",SP.POP.TOTL,Saudi Arabia,SAU,10640691,16177722,30954198,30977355,30196281,30063799,31552510,30784383,32175224,33702731,35300280,..
"Population, total",SP.POP.TOTL,Senegal,SEN,7720523,9968260,15034521,15475002,15914498,16352922,16789219,17220867,17651103,18077573,18501984,..
"Population, total",SP.POP.TOTL,Serbia,SRB,7897937,7516346,7058322,7020858,6982604,6945235,6899126,6834326,6664449,6623183,6586476,..
"Population, total",SP.POP.TOTL,Seychelles,SYC,69507,81131,94677,95843,96762,97625,98462,99258,119878,119773,121354,..
"Population, total",SP.POP.TOTL,Sierra Leone,SLE,4196828,4423611,7205328,7379299,7554563,7731991,7912558,8094602,8276807,8460512,8642022,..
"Population, total",SP.POP.TOTL,Singapore,SGP,3047132,4027887,5607283,5612253,5638676,5703569,5685807,5453566,5637022,5917648,6036860,..
"Population, total",SP.POP.TOTL,Sint Maarten (Dutch part),SXM,28061,30773,38249,38996,39712,40385,41008,41571,42139,42749,43350,..
"Population, total",SP.POP.TOTL,Slovak Republic,SVK,5299187,5388720,5430798,5439232,5446771,5454147,5458827,5447247,5431752,5426740,5422069,..
"Population, total",SP.POP.TOTL,Slovenia,SVN,1998161,1988925,2065042,2066388,2073894,2088385,2102419,2108079,2112076,2120461,2127400,..
"Population, total",SP.POP.TOTL,Solomon Islands,SLB,331435,440469,662379,685672,709101,728147,744498,762591,781066,800005,819198,..
"Population, total",SP.POP.TOTL,"Somalia, Fed. Rep.",SOM,7082811,8838713,14348740,14916629,15452487,16030971,16651191,17271431,17801897,18358615,19009151,..
"Population, total",SP.POP.TOTL,South Africa,ZAF,40746268,47159719,57259551,57635162,58613001,59587885,60562381,61502603,62378410,63212384,64007187,..
"Population, total",SP.POP.TOTL,South Sudan,SSD,4737633,6032267,10830102,10259154,10122977,10423384,10698467,10865780,11021177,11483374,11943408,..
"Population, total",SP.POP.TOTL,Spain,ESP,38867322,40567864,46458139,46571232,46782011,47118501,47359424,47443821,47786102,48352528,48848840,..
"Population, total",SP.POP.TOTL,Sri Lanka,LKA,16352458,19293054,21209000,21453000,21670000,21803000,21919000,22156000,22181000,22037000,21916000,..
"Population, total",SP.POP.TOTL,St. Kitts and Nevis,KNA,40432,45248,47075,47050,47008,46952,46870,46763,46709,46758,46843,..
"Population, total",SP.POP.TOTL,St. Lucia,LCA,137857,158616,175646,176342,177017,177661,178250,178522,178781,179285,179744,..
"Population, total",SP.POP.TOTL,St. Martin (French part),MAF,28224,29996,37175,36837,36012,34267,31786,29961,28870,27515,26129,..
"Population, total",SP.POP.TOTL,St. Vincent and the Grenadines,VCT,111812,113545,106349,105663,104926,104167,103526,102841,102046,101323,100616,..
"Population, total",SP.POP.TOTL,Sudan,SDN,22021481,27816745,41259892,42714306,44230596,45548175,46789231,48066924,49383346,50042791,50448963,..
"Population, total",SP.POP.TOTL,Suriname,SUR,412493,476643,587757,593713,599513,605768,612317,617896,623164,628886,634431,..
"Population, total",SP.POP.TOTL,Sweden,SWE,8558835,8872109,9923085,10057698,10175214,10278887,10353442,10415811,10486941,10536632,10569709,..
"Population, total",SP.POP.TOTL,Switzerland,CHE,6715519,7184250,8373338,8451840,8514329,8575280,8638167,8704546,8777088,8888822,9005582,..
"Population, total",SP.POP.TOTL,Syrian Arab Republic,SYR,12579208,16637888,19193834,19224668,19577845,20353534,21049429,21628839,22462173,23594623,24672760,..
"Population, total",SP.POP.TOTL,Tajikistan,TJK,5398768,6284735,8865631,9085946,9307333,9529966,9749310,9966908,10182222,10389799,10590927,..
"Population, total",SP.POP.TOTL,Tanzania,TZA,26110207,34260139,53824013,55652890,57437145,59174891,60972798,62830412,64711821,66617606,68560157,..
"Population, total",SP.POP.TOTL,Thailand,THA,54738329,63007815,70859841,71160187,71376079,71522271,71641484,71727332,71735329,71702435,71668011,..
"Population, total",SP.POP.TOTL,Timor-Leste,TLS,760345,745088,1228312,1251703,1275959,1300945,1326053,1350139,1369295,1384286,1400638,..
"Population, total",SP.POP.TOTL,Togo,TGO,3998761,5140037,7858289,8057140,8258778,8463068,8669720,8878379,9089738,9304337,9515236,..
"Population, total",SP.POP.TOTL,Tonga,TON,99700,102677,105524,105356,105567,105669,105704,105490,105042,104597,104175,..
"Population, total",SP.POP.TOTL,Trinidad and Tobago,TTO,1252208,1319774,1353895,1356633,1359193,1363985,1366725,1367558,1365805,1367510,1368333,..
"Population, total",SP.POP.TOTL,Tunisia,TUN,8324509,9764935,11528674,11650498,11765514,11875081,11974057,12048622,12119334,12200431,12277109,..
"Population, total",SP.POP.TOTL,Turkiye,TUR,56015628,65425961,79277962,80312698,81407204,82579440,83384680,84147318,84979913,85325965,85518661,..
"Population, total",SP.POP.TOTL,Turkmenistan,TKM,3760562,4582677,6360041,6507061,6655524,6803944,6949912,7092043,7230193,7364438,7494498,..
"Population, total",SP.POP.TOTL,Turks and Caicos Islands,TCA,11688,18730,38315,39913,41559,43166,44386,45243,45847,46198,46535,..
"Population, total",SP.POP.TOTL,Tuvalu,TUV,8798,9544,10930,10869,10751,10581,10399,10194,9992,9816,9646,..
"Population, total",SP.POP.TOTL,Uganda,UGA,17569897,24000150,38799152,40177388,41565831,42999637,44457152,45910930,47312719,48656601,50015092,..
"Population, total",SP.POP.TOTL,Ukraine,UKR,52054092,49556660,45616832,45436041,45208907,44957458,44680014,44298640,41048766,37732836,37860221,..
"Population, total",SP.POP.TOTL,United Arab Emirates,ARE,1898220,3493575,8935095,9223225,9346701,9445785,9401038,9575152,10074977,10483751,10986400,..
"Population, total",SP.POP.TOTL,United Kingdom,GBR,57247586,58892514,65607000,65966000,66289000,66631000,66744000,66984000,67604000,68492000,69226000,..
"Population, total",SP.POP.TOTL,United States,USA,249623000,282162411,324353340,326608609,328529577,330226227,331577720,332099760,334017321,336806231,340110988,..
"Population, total",SP.POP.TOTL,Uruguay,URY,3104403,3266206,3379283,3388438,3394534,3397206,3398968,3396695,3390913,3388081,3386588,..
"Population, total",SP.POP.TOTL,Uzbekistan,UZB,20464956,24787054,31284568,31819178,32373490,32964701,33586372,34243696,34938955,35652307,36361859,..
"Population, total",SP.POP.TOTL,Vanuatu,VUT,148063,186281,272087,278507,285259,291985,298858,305868,313046,320409,327777,..
"Population, total",SP.POP.TOTL,"Venezuela, RB",VEN,19827010,24526708,30765720,30565323,29807592,28938098,28444077,28237826,28213017,28300854,28405543,..
"Population, total",SP.POP.TOTL,Viet Nam,VNM,65504552,77154011,94000117,95176977,96237319,97173776,98079191,98935098,99680655,100352192,100987686,..
"Population, total",SP.POP.TOTL,Virgin Islands (U.S.),VIR,103963,108642,107516,107281,107001,106669,106290,105870,105413,104917,104377,..
"Population, total",SP.POP.TOTL,West Bank and Gaza,PSE,1978248,2922153,4367088,4454805,4569087,4685306,4803269,4922749,5043612,5165775,5289152,..
"Population, total",SP.POP.TOTL,"Yemen, Rep.",YEM,13887862,19624141,32109010,33090921,34085182,35111408,36134863,37140230,38222876,39390799,40583164,..
"Population, total",SP.POP.TOTL,Zambia,ZMB,7786169,10017631,16914423,17441320,17973569,18513839,19059395,19603607,20152938,20723965,21314956,..
"Population, total",SP.POP.TOTL,Zimbabwe,ZWE,10137281,11892055,14600294,14812482,15034452,15271368,15526888,15797210,16069056,16340822,16634373,..
"Population, total",SP.POP.TOTL,Africa Eastern and Southern,AFE,311748681,406156661,623369401,640058741,657801085,675950189,694446100,713090928,731821393,750491370,769280888,..
"Population, total",SP.POP.TOTL,Africa Western and Central,AFW,209566031,274968446,429454743,440882906,452195915,463365429,474569351,485920997,497387180,509398589,521764076,..
"Population, total",SP.POP.TOTL,Arab World,ARB,223184294,286548096,419808341,428315886,435998060,444281315,453723239,460646603,471352066,482105978,492612632,..
"Population, total",SP.POP.TOTL,Caribbean small states,CSS,3654949,3956229,4341333,4366140,4407658,4443134,4459302,4479167,4497310,4519904,4539060,..
"Population, total",SP.POP.TOTL,Central Europe and the Baltics,CEB,110743128,108447824,102647939,102337501,102074201,101864274,101215763,100205732,100071871,100183707,100061963,..
"Population, total",SP.POP.TOTL,Early-demographic dividend,EAR,2044241467,2509431470,3233033717,3274060446,3314245247,3355014793,3396051187,3432026092,3470644834,3511607650,3552278604,..
"Population, total",SP.POP.TOTL,East Asia & Pacific,EAS,1817735909,2050149617,2317076058,2333475520,2347576325,2359762190,2369420882,2375117716,2379617118,2384441485,2388319494,..
"Population, total",SP.POP.TOTL,East Asia & Pacific (excluding high income),EAP,1600739173,1819011507,2071486140,2087238522,2100698838,2112289891,2121866294,2128553744,2133560408,2137527754,2141122258,..
"Population, total",SP.POP.TOTL,East Asia & Pacific (IDA & IBRD countries),TEA,1579651917,1795374943,2045816761,2061449949,2074796982,2086281644,2095759417,2102350702,2107261123,2111139152,2114653077,..
"Population, total",SP.POP.TOTL,Euro area,EMU,316087007,325789631,344132977,344810179,345864630,346496601,346986142,347207191,348200155,349762722,351161936,..
"Population, total",SP.POP.TOTL,Europe & Central Asia,ECS,845290251,865392479,911579016,915065824,918689254,921932163,923664467,924381062,924234471,924773523,928263208,..
"Population, total",SP.POP.TOTL,Europe & Central Asia (excluding high income),ECA,208212866,218486598,242224182,244308649,246400484,248576676,250351240,251867727,250514347,248721385,250281521,..
"Population, total",SP.POP.TOTL,Europe & Central Asia (IDA & IBRD countries),TEC,430990546,438423541,455913002,458010325,459946883,461933206,462842288,463104389,460942269,458602212,459734030,..
"Population, total",SP.POP.TOTL,European Union,EUU,420525030,429339162,444676652,445321060,446329890,446910453,446870959,446227358,447202673,448897545,450228188,..
"Population, total",SP.POP.TOTL,Fragile and conflict affected situations,FCS,486723712,621080692,910836458,931222867,951851595,973035228,994901090,1016906998,1036390026,1057033168,1081767572,..
"Population, total",SP.POP.TOTL,Heavily indebted poor countries (HIPC),HPC,361657937,481984327,756895035,779389964,802020674,824649053,847743308,870930036,893906294,917304254,941413026,..
"Population, total",SP.POP.TOTL,High income,HIC,1182189938,1255696330,1374284415,1380319892,1385103279,1389770301,1393472875,1391814501,1398001706,1408190184,1417841927,..
"Population, total",SP.POP.TOTL,IBRD only,IBD,3455533853,3983328255,4721566970,4765773411,4806981820,4845075024,4878296727,4905212516,4928196300,4952212190,4979421568,..
"Population, total",SP.POP.TOTL,IDA & IBRD total,IBT,4330689753,5116723507,6360153661,6440011821,6518058354,6594216452,6666470352,6732651035,6794724390,6858521511,6926222113,..
"Population, total",SP.POP.TOTL,IDA blend,IDB,300366368,394129957,578463670,590024074,601951913,614017319,626440308,639196319,651895919,664395892,676957651,..
"Population, total",SP.POP.TOTL,IDA only,IDX,574789532,739265295,1060123021,1084214336,1109124621,1135124109,1161733317,1188242200,1214632171,1241913429,1269842894,..
"Population, total",SP.POP.TOTL,IDA total,IDA,875155900,1133395252,1638586691,1674238410,1711076534,1749141428,1788173625,1827438519,1866528090,1906309321,1946800545,..
"Population, total",SP.POP.TOTL,Late-demographic dividend,LTE,1844718134,2043581322,2270841806,2285870134,2298394042,2308878047,2316152451,2320127638,2323799591,2326296729,2328628339,..
"Population, total",SP.POP.TOTL,Latin America & Caribbean,LCN,440958144,520272118,624737786,630414986,635778081,640962372,645498186,649236072,653108120,657616517,662186388,..
"Population, total",SP.POP.TOTL,Latin America & Caribbean (excluding high income),LAC,392413347,462953688,556440282,561957179,567711159,573311679,578091505,581884231,585648822,589889543,594158638,..
"Population, total",SP.POP.TOTL,Latin America & the Caribbean (IDA & IBRD countries),TLA,426091608,504556065,609017063,614776664,620274430,625467307,630051021,633862610,637837815,642397939,647003746,..
"Population, total",SP.POP.TOTL,Least developed countries: UN classification,LDC,519693837,673630102,985414939,1008993468,1033110314,1058013514,1083636132,1109175268,1134585604,1160824674,1187777591,..
"Population, total",SP.POP.TOTL,Low & middle income,LMY,4049620054,4814250279,6017111688,6093971714,6169658713,6243562839,6313913801,6378323939,6437946207,6498875200,6563501708,..
"Population, total",SP.POP.TOTL,Low income,LIC,245338485,322668237,501149314,514890519,529522043,544980983,560643073,576076618,591481496,607774703,624608098,..
"Population, total",SP.POP.TOTL,Lower middle income,LMC,1711634869,2126559759,2806590212,2847931114,2888561818,2928617292,2968398856,3006243027,3043358377,3082002881,3120980912,..
"Population, total",SP.POP.TOTL,"Middle East, North Africa, Afghanistan & Pakistan",MEA,383279026,494850317,707023525,718887744,730362334,742714463,756405281,767578451,782349366,797801454,813146136,..
"Population, total",SP.POP.TOTL,"Middle East, North Africa, Afghanistan & Pakistan (excluding high income)",MNA,361322200,462980522,645837915,656767614,668447432,680490997,692532027,704458802,716508657,729077445,741690916,..
"Population, total",SP.POP.TOTL,"Middle East, North Africa, Afghanistan & Pakistan (IDA & IBRD)",TMN,359343952,460058369,641470827,652312809,663878345,675805691,687728758,699536053,711465045,723911670,736401764,..
"Population, total",SP.POP.TOTL,Middle income,MIC,3804281569,4491582042,5515962374,5579081195,5640136670,5698581856,5753270728,5802247321,5846464711,5891100497,5938893610,..
"Population, total",SP.POP.TOTL,North America,NAC,277371697,312909691,360527592,363217262,365666028,367908829,369670740,370404272,373018004,376954413,381464223,..
"Population, total",SP.POP.TOTL,Not classified,INX,..,..,..,..,..,..,..,..,..,..,..,..
"Population, total",SP.POP.TOTL,OECD members,OED,1107695519,1202226474,1340142055,1348127258,1356470975,1364146219,1369310195,1371785073,1378565677,1387897706,1396877448,..
"Population, total",SP.POP.TOTL,Other small states,OSS,8949306,9788238,11851918,11989367,12135267,12281907,12417333,12541889,12699005,12822134,12931878,..
"Population, total",SP.POP.TOTL,Pacific island small states,PSS,1775607,2042274,2477794,2509999,2542009,2568656,2595522,2625493,2656049,2689224,2722467,..
"Population, total",SP.POP.TOTL,Post-demographic dividend,PST,964371624,1021150563,1102966925,1107161559,1111377470,1114898817,1117007476,1116582773,1117394729,1121315547,1128377826,..
"Population, total",SP.POP.TOTL,Pre-demographic dividend,PRE,422471117,562428025,895239872,920568701,946317177,972302503,998624261,1024960313,1051201551,1078224044,1105951788,..
"Population, total",SP.POP.TOTL,Small states,SST,14379862,15786741,18671045,18865506,19084934,19293697,19472157,19646549,19852364,20031262,20193405,..
"Population, total",SP.POP.TOTL,South Asia,SAS,1013297018,1237185482,1555111864,1572520427,1589164714,1605412986,1621073417,1634785356,1648009565,1662580579,1677384532,..
"Population, total",SP.POP.TOTL,South Asia (IDA & IBRD),TSA,1013297018,1237185482,1555111864,1572520427,1589164714,1605412986,1621073417,1634785356,1648009565,1662580579,1677384532,..
"Population, total",SP.POP.TOTL,Sub-Saharan Africa,SSF,521314712,681125107,1052824144,1080941647,1109997000,1139315618,1169015451,1199011925,1229208573,1259889959,1291044964,..
"Population, total",SP.POP.TOTL,Sub-Saharan Africa (excluding high income),SSA,473635450,613632482,946011305,971179323,997236086,1023480610,1049999318,1076774079,1103704408,1131078494,1158863843,..
"Population, total",SP.POP.TOTL,Sub-Saharan Africa (IDA & IBRD countries),TSS,521314712,681125107,1052824144,1080941647,1109997000,1139315618,1169015451,1199011925,1229208573,1259889959,1291044964,..
"Population, total",SP.POP.TOTL,Upper middle income,UMC,2092646700,2365022283,2709372162,2731150081,2751574852,2769964564,2784871872,2796004294,2803106334,2809097616,2817912698,..
"Population, total",SP.POP.TOTL,World,WLD,5299246757,6161884811,7528879985,7614523410,7697233736,7778008621,7854748424,7920514854,7989545217,8064057930,8141808945,..
,,,,,,,,,,,,,,,
,,,,,,,,,,,,,,,
,,,,,,,,,,,,,,,
Data from database: World Development Indicators,,,,,,,,,,,,,,,
Last Updated: 02/24/2026,,,,,,,,,,,,,,,
